Ano,IES,Cursos,Ingresso,Matrículas,Concluintes,Sigla,Cidade,UF
2010,1,1,105,508,81,USP-RP,Ribeirão Preto,SP
2011,1,1,110,525,81,USP-RP,Ribeirão Preto,SP
2012,1,1,104,523,97,USP-RP,Ribeirão Preto,SP
2013,1,1,104,527,86,USP-RP,Ribeirão Preto,SP
2014,1,1,103,538,95,USP-RP,Ribeirão Preto,SP
2015,1,1,96,534,84,USP-RP,Ribeirão Preto,SP
2016,1,1,97,530,89,USP-RP,Ribeirão Preto,SP
2017,1,1,94,540,97,USP-RP,Ribeirão Preto,SP
2018,1,1,110,516,88,USP-RP,Ribeirão Preto,SP
2019,1,1,110,532,76,USP-RP,Ribeirão Preto,SP
2020,1,1,99,544,77,USP-RP,Ribeirão Preto,SP
2021,1,1,118,561,78,USP-RP,Ribeirão Preto,SP
2022,1,1,107,559,103,USP-RP,Ribeirão Preto,SP
2023,1,1,113,556,22,USP-RP,Ribeirão Preto,SP
2010,1,1,220,1105,237,USP-SP,São Paulo,SP
2011,1,1,217,1071,176,USP-SP,São Paulo,SP
2012,1,1,196,1036,180,USP-SP,São Paulo,SP
2013,1,2,250,1081,216,USP-SP,São Paulo,SP
2014,1,2,264,1118,242,USP-SP,São Paulo,SP
2015,1,1,191,977,133,USP-SP,São Paulo,SP
2016,1,1,193,1037,186,USP-SP,São Paulo,SP
2017,1,1,182,1027,169,USP-SP,São Paulo,SP
2018,1,1,223,998,177,USP-SP,São Paulo,SP
2019,1,1,263,1050,187,USP-SP,São Paulo,SP
2020,1,1,195,1015,156,USP-SP,São Paulo,SP
2021,1,1,207,1020,199,USP-SP,São Paulo,SP
2022,1,1,209,975,199,USP-SP,São Paulo,SP
2023,1,1,209,976,158,USP-SP,São Paulo,SP
2010,1,1,252,820,144,INSPER,São Paulo,SP
2011,1,1,310,935,150,INSPER,São Paulo,SP
2012,1,1,295,997,173,INSPER,São Paulo,SP
2013,1,1,281,1041,150,INSPER,São Paulo,SP
2014,1,1,328,1163,190,INSPER,São Paulo,SP
2015,1,1,330,1210,234,INSPER,São Paulo,SP
2016,1,1,354,1243,219,INSPER,São Paulo,SP
2017,1,1,345,1221,233,INSPER,São Paulo,SP
2018,1,1,361,1263,236,INSPER,São Paulo,SP
2019,1,1,343,1272,242,INSPER,São Paulo,SP
2020,1,1,378,1335,232,INSPER,São Paulo,SP
2021,1,1,415,1401,251,INSPER,São Paulo,SP
2022,1,1,404,1458,274,INSPER,São Paulo,SP
2023,1,1,372,1459,280,INSPER,São Paulo,SP
2020,1,1,56,56,0,LINK,São Paulo,SP
2021,1,1,194,236,0,LINK,São Paulo,SP
2022,1,1,152,372,0,LINK,São Paulo,SP
2023,1,1,195,580,0,LINK,São Paulo,SP
2010,1,2,505,1759,311,EAESP,São Paulo,SP
2011,1,2,542,1881,292,EAESP,São Paulo,SP
2012,1,2,403,1872,367,EAESP,São Paulo,SP
2013,1,1,405,1862,345,EAESP,São Paulo,SP
2014,1,1,398,1866,344,EAESP,São Paulo,SP
2015,1,1,399,1851,311,EAESP,São Paulo,SP
2016,1,1,402,1935,384,EAESP,São Paulo,SP
2017,1,1,401,1898,365,EAESP,São Paulo,SP
2018,1,1,485,1944,355,EAESP,São Paulo,SP
2019,1,1,491,2044,346,EAESP,São Paulo,SP
2020,1,1,499,2158,307,EAESP,São Paulo,SP
2021,1,1,535,2303,435,EAESP,São Paulo,SP
2022,1,1,468,2233,338,EAESP,São Paulo,SP
2023,1,1,496,2325,431,EAESP,São Paulo,SP
2010,1,1,294,1223,66,FAAP,São Paulo,SP
2011,1,1,288,1220,332,FAAP,São Paulo,SP
2012,1,1,268,963,195,FAAP,São Paulo,SP
2013,1,1,276,858,214,FAAP,São Paulo,SP
2014,1,1,229,766,188,FAAP,São Paulo,SP
2015,1,1,195,652,152,FAAP,São Paulo,SP
2016,1,1,173,581,115,FAAP,São Paulo,SP
2017,1,1,186,581,128,FAAP,São Paulo,SP
2018,1,1,128,498,122,FAAP,São Paulo,SP
2019,1,1,175,461,65,FAAP,São Paulo,SP
2020,1,1,102,405,96,FAAP,São Paulo,SP
2021,1,1,83,349,68,FAAP,São Paulo,SP
2022,1,1,109,347,75,FAAP,São Paulo,SP
2023,1,1,72,283,69,FAAP,São Paulo,SP
2011,1,2,79,73,0,UNIFESP,Osasco,SP
2012,1,2,75,156,0,UNIFESP,Osasco,SP
2013,1,2,78,176,0,UNIFESP,Osasco,SP
2014,1,1,93,239,8,UNIFESP,Osasco,SP
2015,1,1,68,279,25,UNIFESP,Osasco,SP
2016,1,1,80,314,35,UNIFESP,Osasco,SP
2017,1,1,81,329,27,UNIFESP,Osasco,SP
2018,1,1,70,339,42,UNIFESP,Osasco,SP
2019,1,1,80,356,45,UNIFESP,Osasco,SP
2020,1,1,86,372,52,UNIFESP,Osasco,SP
2021,1,1,78,368,43,UNIFESP,Osasco,SP
2022,1,1,79,365,36,UNIFESP,Osasco,SP
2023,1,1,83,373,54,UNIFESP,Osasco,SP
2010,1,1,330,1382,264,ESPM-SP,São Paulo,SP
2011,1,1,339,1387,250,ESPM-SP,São Paulo,SP
2012,1,1,312,1396,288,ESPM-SP,São Paulo,SP
2013,1,1,340,1376,269,ESPM-SP,São Paulo,SP
2014,1,1,356,1344,264,ESPM-SP,São Paulo,SP
2015,1,1,306,1324,251,ESPM-SP,São Paulo,SP
2016,1,1,273,1271,249,ESPM-SP,São Paulo,SP
2017,1,1,248,1176,236,ESPM-SP,São Paulo,SP
2018,1,1,253,1055,254,ESPM-SP,São Paulo,SP
2019,1,1,197,927,172,ESPM-SP,São Paulo,SP
2020,1,1,229,930,212,ESPM-SP,São Paulo,SP
2021,1,1,237,892,183,ESPM-SP,São Paulo,SP
2022,1,1,230,865,163,ESPM-SP,São Paulo,SP
2023,1,1,191,826,133,ESPM-SP,São Paulo,SP
2018,1,1,79,79,0,IBMEC-SP,São Paulo,SP
2019,1,1,168,232,0,IBMEC-SP,São Paulo,SP
2020,1,1,197,397,0,IBMEC-SP,São Paulo,SP
2021,1,1,240,537,28,IBMEC-SP,São Paulo,SP
2022,1,1,335,694,53,IBMEC-SP,São Paulo,SP
2023,1,2,512,937,120,IBMEC-SP,São Paulo,SP
2010,1,2,255,717,136,IBMEC-RJ,Rio de Janeiro,RJ
2011,1,2,269,740,88,IBMEC-RJ,Rio de Janeiro,RJ
2012,1,2,303,868,58,IBMEC-RJ,Rio de Janeiro,RJ
2013,1,2,308,997,95,IBMEC-RJ,Rio de Janeiro,RJ
2014,1,2,238,948,154,IBMEC-RJ,Rio de Janeiro,RJ
2015,1,2,225,796,180,IBMEC-RJ,Rio de Janeiro,RJ
2016,1,2,215,701,131,IBMEC-RJ,Rio de Janeiro,RJ
2017,1,2,164,578,0,IBMEC-RJ,Rio de Janeiro,RJ
2018,1,2,38,533,171,IBMEC-RJ,Rio de Janeiro,RJ
2019,1,2,130,455,86,IBMEC-RJ,Rio de Janeiro,RJ
2020,1,2,105,388,42,IBMEC-RJ,Rio de Janeiro,RJ
2021,1,2,109,361,78,IBMEC-RJ,Rio de Janeiro,RJ
2022,1,2,125,336,59,IBMEC-RJ,Rio de Janeiro,RJ
2023,1,2,146,353,52,IBMEC-RJ,Rio de Janeiro,RJ
2010,1,1,275,1485,216,PUC-RJ,Rio de Janeiro,RJ
2011,1,1,235,1453,202,PUC-RJ,Rio de Janeiro,RJ
2012,1,1,276,1419,286,PUC-RJ,Rio de Janeiro,RJ
2013,1,1,268,1295,209,PUC-RJ,Rio de Janeiro,RJ
2014,1,1,249,1206,181,PUC-RJ,Rio de Janeiro,RJ
2015,1,1,230,1158,224,PUC-RJ,Rio de Janeiro,RJ
2016,1,1,269,1075,169,PUC-RJ,Rio de Janeiro,RJ
2017,1,1,251,1042,192,PUC-RJ,Rio de Janeiro,RJ
2018,1,1,224,1014,188,PUC-RJ,Rio de Janeiro,RJ
2019,1,1,213,932,146,PUC-RJ,Rio de Janeiro,RJ
2020,1,1,153,874,164,PUC-RJ,Rio de Janeiro,RJ
2021,1,1,136,755,154,PUC-RJ,Rio de Janeiro,RJ
2022,1,1,176,705,140,PUC-RJ,Rio de Janeiro,RJ
2023,1,1,195,700,135,PUC-RJ,Rio de Janeiro,RJ
2010,1,3,13,180,23,ESPM-RJ,Rio de Janeiro,RJ
2011,1,2,85,222,29,ESPM-RJ,Rio de Janeiro,RJ
2012,1,2,73,222,31,ESPM-RJ,Rio de Janeiro,RJ
2013,1,1,63,224,27,ESPM-RJ,Rio de Janeiro,RJ
2014,1,1,69,247,52,ESPM-RJ,Rio de Janeiro,RJ
2015,1,1,74,239,53,ESPM-RJ,Rio de Janeiro,RJ
2016,1,1,58,214,21,ESPM-RJ,Rio de Janeiro,RJ
2017,1,1,51,224,30,ESPM-RJ,Rio de Janeiro,RJ
2018,1,1,44,218,39,ESPM-RJ,Rio de Janeiro,RJ
2019,1,1,32,193,43,ESPM-RJ,Rio de Janeiro,RJ
2020,1,1,49,189,41,ESPM-RJ,Rio de Janeiro,RJ
2021,1,1,28,154,46,ESPM-RJ,Rio de Janeiro,RJ
2022,1,1,23,127,30,ESPM-RJ,Rio de Janeiro,RJ
2023,1,1,19,114,28,ESPM-RJ,Rio de Janeiro,RJ
2010,1,7,191,781,105,UFRJ,Rio de Janeiro,RJ
2011,1,7,161,776,132,UFRJ,Rio de Janeiro,RJ
2012,1,1,161,739,124,UFRJ,Rio de Janeiro,RJ
2013,1,1,195,769,88,UFRJ,Rio de Janeiro,RJ
2014,1,1,192,804,140,UFRJ,Rio de Janeiro,RJ
2015,1,1,183,752,104,UFRJ,Rio de Janeiro,RJ
2016,1,1,168,717,123,UFRJ,Rio de Janeiro,RJ
2017,1,1,173,745,93,UFRJ,Rio de Janeiro,RJ
2018,1,1,179,761,105,UFRJ,Rio de Janeiro,RJ
2019,1,1,169,742,122,UFRJ,Rio de Janeiro,RJ
2020,1,1,171,738,86,UFRJ,Rio de Janeiro,RJ
2021,1,1,159,738,89,UFRJ,Rio de Janeiro,RJ
2022,1,1,193,785,106,UFRJ,Rio de Janeiro,RJ
2023,1,1,182,799,64,UFRJ,Rio de Janeiro,RJ
2010,1,1,116,556,69,UERJ,Rio de Janeiro,RJ
2011,1,1,121,535,75,UERJ,Rio de Janeiro,RJ
2012,1,1,114,501,70,UERJ,Rio de Janeiro,RJ
2013,1,1,121,535,75,UERJ,Rio de Janeiro,RJ
2014,1,1,113,526,84,UERJ,Rio de Janeiro,RJ
2015,1,1,122,555,124,UERJ,Rio de Janeiro,RJ
2016,1,1,114,548,40,UERJ,Rio de Janeiro,RJ
2017,1,1,108,582,97,UERJ,Rio de Janeiro,RJ
2018,1,1,123,510,91,UERJ,Rio de Janeiro,RJ
2019,1,1,123,510,98,UERJ,Rio de Janeiro,RJ
2020,1,1,116,504,42,UERJ,Rio de Janeiro,RJ
2021,1,1,117,548,54,UERJ,Rio de Janeiro,RJ
2022,1,1,121,582,85,UERJ,Rio de Janeiro,RJ
2023,1,1,110,593,70,UERJ,Rio de Janeiro,RJ
2010,1,1,146,144,0,SKEMA,Belo Horizonte,MG
2011,1,1,110,175,6,SKEMA,Belo Horizonte,MG
2012,1,1,63,172,22,SKEMA,Belo Horizonte,MG
2013,1,1,51,162,15,SKEMA,Belo Horizonte,MG
2014,1,1,0,12,12,SKEMA,Belo Horizonte,MG
2019,1,1,21,21,0,SKEMA,Belo Horizonte,MG
2020,1,1,38,55,0,SKEMA,Belo Horizonte,MG
2021,1,1,30,78,0,SKEMA,Belo Horizonte,MG
2022,1,1,48,118,16,SKEMA,Belo Horizonte,MG
2023,1,1,88,194,18,SKEMA,Belo Horizonte,MG
2010,1,2,123,541,92,UFMG-BH,Belo Horizonte,MG
2011,1,2,99,502,75,UFMG-BH,Belo Horizonte,MG
2012,1,2,110,497,97,UFMG-BH,Belo Horizonte,MG
2013,1,1,122,510,62,UFMG-BH,Belo Horizonte,MG
2014,1,1,102,512,89,UFMG-BH,Belo Horizonte,MG
2015,1,1,101,464,78,UFMG-BH,Belo Horizonte,MG
2016,1,1,98,454,75,UFMG-BH,Belo Horizonte,MG
2017,1,1,114,447,70,UFMG-BH,Belo Horizonte,MG
2018,1,1,121,450,60,UFMG-BH,Belo Horizonte,MG
2019,1,1,103,465,66,UFMG-BH,Belo Horizonte,MG
2020,1,1,139,494,80,UFMG-BH,Belo Horizonte,MG
2021,1,1,115,481,61,UFMG-BH,Belo Horizonte,MG
2022,1,1,101,497,78,UFMG-BH,Belo Horizonte,MG
2023,1,1,135,511,78,UFMG-BH,Belo Horizonte,MG
2010,1,1,43,74,0,UFMG-MC,Belo Horizonte,MG
2011,1,1,41,110,0,UFMG-MC,Belo Horizonte,MG
2012,1,1,45,142,0,UFMG-MC,Belo Horizonte,MG
2013,1,1,49,175,20,UFMG-MC,Belo Horizonte,MG
2014,1,1,40,163,20,UFMG-MC,Belo Horizonte,MG
2015,1,1,41,156,17,UFMG-MC,Belo Horizonte,MG
2016,1,1,37,159,33,UFMG-MC,Belo Horizonte,MG
2017,1,1,45,151,23,UFMG-MC,Belo Horizonte,MG
2018,1,1,40,148,19,UFMG-MC,Belo Horizonte,MG
2019,1,1,41,155,18,UFMG-MC,Belo Horizonte,MG
2020,1,1,45,159,14,UFMG-MC,Belo Horizonte,MG
2021,1,1,43,170,19,UFMG-MC,Belo Horizonte,MG
2022,1,1,34,158,19,UFMG-MC,Belo Horizonte,MG
2023,1,1,38,170,25,UFMG-MC,Belo Horizonte,MG
2010,1,4,688,2809,463,PUC-MG-BH,Belo Horizonte,MG
2011,1,4,606,2863,444,PUC-MG-BH,Belo Horizonte,MG
2012,1,4,753,2753,411,PUC-MG-BH,Belo Horizonte,MG
2013,1,4,699,2604,381,PUC-MG-BH,Belo Horizonte,MG
2014,1,4,692,2365,304,PUC-MG-BH,Belo Horizonte,MG
2015,1,4,557,2259,397,PUC-MG-BH,Belo Horizonte,MG
2016,1,4,509,2066,355,PUC-MG-BH,Belo Horizonte,MG
2017,1,4,623,2021,338,PUC-MG-BH,Belo Horizonte,MG
2018,1,4,622,1945,289,PUC-MG-BH,Belo Horizonte,MG
2019,1,4,645,1900,267,PUC-MG-BH,Belo Horizonte,MG
2020,1,4,492,1721,298,PUC-MG-BH,Belo Horizonte,MG
2021,1,4,407,1584,294,PUC-MG-BH,Belo Horizonte,MG
2022,1,4,505,1484,246,PUC-MG-BH,Belo Horizonte,MG
2023,1,4,466,1423,244,PUC-MG-BH,Belo Horizonte,MG
2010,1,1,57,335,66,EBAPE,Rio de Janeiro,RJ
2011,1,1,43,273,69,EBAPE,Rio de Janeiro,RJ
2012,1,1,69,238,50,EBAPE,Rio de Janeiro,RJ
2013,1,1,56,204,52,EBAPE,Rio de Janeiro,RJ
2014,1,1,62,192,46,EBAPE,Rio de Janeiro,RJ
2015,1,1,65,184,34,EBAPE,Rio de Janeiro,RJ
2016,1,1,75,191,27,EBAPE,Rio de Janeiro,RJ
2017,1,1,61,193,27,EBAPE,Rio de Janeiro,RJ
2018,1,1,60,185,16,EBAPE,Rio de Janeiro,RJ
2019,1,1,70,200,42,EBAPE,Rio de Janeiro,RJ
2020,1,1,58,192,50,EBAPE,Rio de Janeiro,RJ
2021,1,1,62,174,32,EBAPE,Rio de Janeiro,RJ
2022,1,1,81,192,36,EBAPE,Rio de Janeiro,RJ
2023,1,1,84,234,34,EBAPE,Rio de Janeiro,RJ